PRICINGCATEGORY,TotalBilledCost
,2.945010724722965
,3270.2405285572886
