SERVICENAME,TotalCost
Azure Monitor,1161.2153539343271
Virtual Machines,360.1721815977317
Storage Accounts,292.8667719142197
Azure ExpressRoute,288.66614999999905
Azure SQL Database,252.68244247154382
Azure App Service,189.31463543325393
Azure Databricks,143.19669302105405
Event Hubs,98.59406194558251
Azure Site Recovery,77.71209854768776
Azure Data Factory,75.50798074936701
